{
    "genericClass": {      
      "classTemplateInfo": {
        "cardTemplateOverride": {
          "cardRowTemplateInfos": [
              {
                  "twoItems": {
                      "startItem": {
                          "firstValue": {
                              "fields": [
                                  {
                                      "fieldPath": "object.textModulesData['name']"
                                  }
                              ]
                          }
                      },
                      "endItem": {
                          "firstValue": {
                              "fields": [
                                  {
                                      "fieldPath": "object.textModulesData['certificationLevel']"
                                  }
                              ]
                          }
                      }
                  }
              },
              {
                "oneItem": {
                    "item": {
                        "firstValue": {
                            "fields": [
                                {
                                    "fieldPath": "object.textModulesData['expiry']"
                                }
                            ]
                        }
                    }
                }
            }
          ]
        }
      }
    },
    "genericObject": {
      "genericType": "GENERIC_TYPE_UNSPECIFIED",
      "cardTitle": {
        "defaultValue": {
          "language": "en-US",
          "value": "Advanced Safety Training"
        }
      },
      "header": {
        "defaultValue": {
          "language": "en-US",
          "value": "{{ decoded.vc.credentialSubject.certificationName }}"
        }
      },
      "subHeader": {
        "defaultValue": {
          "language": "en-US",
          "value": "{{ decoded.vc.credentialSubject.code }}"
        }
      },
      "logo": {
        "sourceUri": {
          "uri": "https://static.mattr.global/credential-assets/adv-safety-training/googlepass/logo.png",
          "description": "Advanced Safety Training"
        }
      },
      "hexBackgroundColor": "#cacaca",
      "heroImage": {
        "sourceUri": {
          "uri": "https://static.mattr.global/credential-assets/adv-safety-training/googlepass/hero.png",
          "description": "CSA handshake trustmark"
        }
      },
      "barcode": {
        "type": "QR_CODE",
        "value": "{{encoded}}",
        "alternateText": "QR code"
      },
      "textModulesData": [
        {
          "header": "Name",
          "body": "{{ decoded.vc.credentialSubject.name }}",
          "id": "name"
        },
        {
          "header": "Certified for",
          "body": "{{ decoded.vc.credentialSubject.certificationLevel }}",
          "id": "certificationLevel"
        },
        {
          "header": "Expiries on",
          "body": "{{ date decoded.vc.credentialSubject.expiry 'dd MMM yyyy' }}",
          "id": "expiry"
        }
      ]
    }
}
